{
    "camera_1": {
        "camera_pts": [
            [
                9,
                499
            ],
            [
                15,
                1055
            ],
            [
                1891,
                1064
            ],
            [
                1909,
                256
            ],
            [
                1185,
                189
            ]
        ],
        "world_pts": [
            [
                -339.8949943861703,
                17.781647422787383
            ],
            [
                -307.5523339402779,
                73.12789491605244
            ],
            [
                -231.24948664823629,
                124.57304992489159
            ],
            [
                -228.2884288219282,
                -73.52188220753135
            ],
            [
                -337.9063519217705,
                -67.2960541279055
            ]
        ],
        "H": [
            [
                0.21223149733639132,
                -0.29027089695705627,
                -410.05350391970484
            ],
            [
                0.0014319966412435032,
                0.24390174021811925,
                -90.64128084854387
            ],
            [
                -0.000511093385076095,
                0.0012594679348687794,
                0.9999999999999999
            ]
        ]
    },
    "camera_2": {
        "camera_pts": [
            [
                6,
                1067
            ],
            [
                1822,
                1070
            ],
            [
                1135,
                189
            ],
            [
                756,
                184
            ]
        ],
        "world_pts": [
            [
                494.79094606180536,
                75.00052270165229
            ],
            [
                506.3289850720027,
                -92.38948567534564
            ],
            [
                799.839161914164,
                -70.0875914340017
            ],
            [
                788.7061425520163,
                95.85716795302731
            ]
        ],
        "H": [
            [
                -0.009290017340925591,
                6.627690790552959,
                1707.3779816995802
            ],
            [
                -1.6147544726976013,
                -0.26636821500229185,
                1624.63664067853
            ],
            [
                -0.00024529175226583,
                0.01569302413930186,
                1.0
            ]
        ]
    },
    "camera_3": {
        "camera_pts": [
            [
                9,
                1061
            ],
            [
                634,
                270
            ],
            [
                1240,
                262
            ],
            [
                1880,
                1075
            ]
        ],
        "world_pts": [
            [
                15.383351467332112,
                18.04868858893532
            ],
            [
                13.410276497495154,
                -75.32131315232738
            ],
            [
                83.32304642333787,
                -76.39620909900182
            ],
            [
                85.21812128207834,
                18.684652362597113
            ]
        ],
        "H": [
            [
                0.42137159376184746,
                0.4852578795297555,
                -349.7876470602379
            ],
            [
                0.002622688450657671,
                0.5960860035586878,
                -434.3500932244261
            ],
            [
                0.00010903375695683175,
                0.009402484300322292,
                1.0
            ]
        ]
    },
    "camera_4": {
        "camera_pts": [
            [
                -3,
                1049
            ],
            [
                672,
                195
            ],
            [
                1298,
                198
            ],
            [
                1897,
                1064
            ]
        ],
        "world_pts": [
            [
                694.3184618512587,
                536.4942156773094
            ],
            [
                692.5406255072867,
                248.917219756522
            ],
            [
                957.0826734903485,
                250.33948883169955
            ],
            [
                960.2827789094983,
                529.459794835332
            ]
        ],
        "H": [
            [
                0.9119440390008697,
                3.9481469104515776,
                -17.63640942896771
            ],
            [
                0.01490943798086185,
                3.166115597829409,
                -136.76670890755838
            ],
            [
                7.972822026057906e-05,
                0.004705331524191166,
                1.0
            ]
        ]
    },
    "camera_5": {
        "camera_pts": [
            [
                6,
                1061
            ],
            [
                637,
                204
            ],
            [
                1274,
                204
            ],
            [
                1903,
                1006
            ]
        ],
        "world_pts": [
            [
                395.81449279468455,
                545.5885082222532
            ],
            [
                385.08373146571165,
                267.5152655333161
            ],
            [
                597.1245477551462,
                260.70191696432846
            ],
            [
                593.8361394869703,
                537.2227953100745
            ]
        ],
        "H": [
            [
                0.6660719701043492,
                2.695336262910921,
                -170.95230208006885
            ],
            [
                -0.03462830916881127,
                3.654512871444554,
                -165.49541700153688
            ],
            [
                -4.7254069702197565e-05,
                0.005469802503253661,
                1.0
            ]
        ]
    },
    "camera_6": {
        "camera_pts": [
            [
                6,
                725
            ],
            [
                15,
                1064
            ],
            [
                1802,
                1064
            ],
            [
                1642,
                308
            ],
            [
                1118,
                273
            ]
        ],
        "world_pts": [
            [
                -71.99533745158084,
                300.0576280947653
            ],
            [
                -130.01130812494287,
                402.4281005631643
            ],
            [
                -17.103246032367515,
                660.4875042175784
            ],
            [
                69.12797450567953,
                436.80744998110896
            ],
            [
                41.568514258443734,
                308.3398238467578
            ]
        ],
        "H": [
            [
                0.026696857829414295,
                -0.14331305586330825,
                37.480674351080694
            ],
            [
                0.033642284625955546,
                0.23090154511285704,
                108.55338873508053
            ],
            [
                -0.00026128950739001927,
                -0.00010769583621071217,
                1.0
            ]
        ]
    }
}